Gender,Handed,Roll,Flip,Nose,Penny,Rank,Credits,Height,Fear,State,Textbook.This,Textbook.Last,Wage,Age,Date,Heart
Female,Right,Yes,Yes,No,No,SO,36,68,8,NC,18.00,20.00,15.00,56,No,69
Male,Right,Yes,No,No,No,SR,96,71,7,ID,0.00,0.00,27.50,58,Yes,62
Female,Right,No,Yes,Yes,No,SO,57,65,5,Dominican Republic ,160.00,70.00,10.75,57,Yes,70
Female,Right,Yes,No,No,Yes,SO,44,61,5,Ecuador,159.00,200.00,10.50,44,Yes,90
Female,Right,Yes,No,No,Yes,SR,110,65,6,CA,0.00,150.00,15.00,50,No,90
Male,Right,Yes,Yes,Yes,Yes,JR,80,70,6,MT,170.00,70.00,24.00,53,No,61
Male,Right,No,No,No,Yes,FR,0,71,3,"AB, Canada",120.00,1200.00,15.65,27,Yes,79
Male,Right,No,No,No,Yes,SO,50,70,3,CA,150.00,200.00,10.18,50,No,60
Male,Right,Yes,Yes,No,Yes,FR,0,74,5,Mexico,40.00,,,38,No,68
Male,Right,Yes,Yes,No,No,SR,109,67,1,AZ,100.00,140.00,18.00,54,Yes,72
Male,Right,Yes,Yes,Yes,Yes,FR,0,71,2,TN,0.00,,200.00,55,Yes,57
Female,Right,Yes,No,No,Yes,JR,85,67,7,Ghana,100.00,50.00,14.00,50,No,120
Female,Right,Yes,Yes,No,Yes,FR,14,68,4,CA,40.00,0.00,17.00,55,No,60
Male,Right,Yes,No,Yes,No,FR,0,68,3,CA,53.00,0.00,19.00,49,Yes,68
Male,Right,Yes,Yes,No,Yes,SO,26,69,0,CO,50.00,35.00,0.00,82,No,42
Male,Right,Yes,Yes,Yes,No,JR,88,66,4,NE,100.00,0.00,17.00,60,Yes,73
Male,Right,Yes,Yes,No,Yes,SR,100,69,2,WA,0.00,60.00,22.50,57,Yes,75
Male,Right,Yes,Yes,No,Yes,SO,30,70,2,HI,50.00,70.00,13.00,45,No,72
Male,Right,Yes,No,No,Yes,SR,125,73,3,WA,100.00,200.00,24.00,59,No,45
Female,Right,No,Yes,No,Yes,JR,75,63,1,NV,15.00,0.00,13.91,51,No,68
Male,Right,No,No,No,Yes,SO,30,73,4,TX,200.00,100.00,10.00,55,No,67
Male,Right,Yes,Yes,No,Yes,FR,12,74,,ID,200.00,,14.00,53,Yes,49
Male,Right,No,No,No,Yes,SO,26,63,6,FL,0.00,100.00,16.00,54,Yes,80
Male,Right,No,No,Yes,Yes,JR,80,65,2,CA,60.00,50.00,20.00,55,Yes,62
Male,Right,Yes,Yes,No,No,JR,63,72,3,ID,200.00,,15.00,48,Yes,80
Male,Right,No,No,No,Yes,JR,80,67,3,ID,5.00,5.00,18.00,52,Yes,64
Male,Right,No,No,No,Yes,SO,35,68,3,ID,200.00,0.00,30.00,40,No,80
Female,Right,Yes,Yes,No,Yes,SO,33,67,2,VA,110.00,70.00,13.50,55,Yes,90
Male,Right,Yes,No,No,No,FR,0,69,2,OR,100.00,0.00,18.50,36,No,76
Male,Right,Yes,Yes,No,No,FR,3,70,3,NM,0.00,0.00,11.50,52,No,65
Female,Right,No,No,No,Yes,FR,29,66,5,OR,100.00,0.00,17.00,53,Yes,86
Female,Right,No,No,No,No,SO,30,67,3,NE,20.00,0.00,15.00,47,No,88
Male,Right,Yes,Yes,No,No,FR,28,71,2,TX,15.00,0.00,16.00,52,No,59
Female,Right,Yes,No,No,Yes,JR,60,70,5,AZ,0.00,100.00,15.00,55,No,70
Female,Right,No,Yes,No,Yes,FR,27,67,6,ID,80.00,30.00,14.36,53,No,76
Male,Right,Yes,No,No,No,SO,22,69,7,MD,87.09,70.00,12.75,57,No,82
Female,Right,No,No,No,Yes,FR,28,69,5,GA,70.00,,15.50,55,Yes,98
Female,Right,Yes,Yes,No,Yes,FR,12,66,5,MA,75.00,0.00,18.00,52,No,57
Male,Right,Yes,Yes,No,Yes,FR,0,73,4,NV,350.00,0.00,9.60,53,Yes,80
Male,Right,Yes,Yes,No,Yes,FR,15,68,4,Peru ,54.00,0.00,15.00,54,No,50
Male,Right,Yes,Yes,Yes,No,SO,30,73,1,ID,60.00,30.00,50.00,47,No,62
Female,Right,Yes,Yes,No,Yes,JR,52,66,7,Japan,0.00,30.00,14.00,53,No,77
Male,Right,Yes,No,No,No,JR,84,75,6,ID,40.00,30.00,17.00,58,No,97
Male,Right,No,Yes,Yes,Yes,JR,45,68,2,NH,0.00,137.00,12.00,46,No,103
Female,Right,Yes,Yes,Yes,No,FR,33,60,1,Colombia,20.00,100.00,11.00,53,No,86
Male,Right,Yes,Yes,No,Yes,SO,36,71,2,WA,0.00,100.00,23.00,55,No,79
Female,Right,Yes,Yes,No,No,SR,100,64,7,Mexico,300.00,200.00,14.00,50,No,90
Male,Right,Yes,No,No,Yes,FR,12,72,5,WA,0.00,75.00,10.50,53,No,57
Male,Right,Yes,No,No,Yes,FR,0,68,2,CA,140.00,,20.00,54,Yes,70
Male,Right,Yes,No,No,No,SO,47,66,6,OR,40.00,0.00,16.00,37,No,68
Male,Right,Yes,No,Yes,No,SO,21,68,2,OK,,250.00,10.00,19,No,97
Female,Right,No,No,No,No,SO,40,63,6,ID,80.00,20.00,10.00,45,No,75
Female,Left,No,Yes,No,Yes,SO,52,62,4,IN,17.00,110.00,10.00,50,No,69
Male,Right,No,Yes,No,Yes,FR,0,72,2,California,30.00,,15.00,40,No,80
Male,Left,Yes,No,No,Yes,SO,30,70,1,AK,250.00,20.00,21.00,72,No,72
Male,Right,Yes,No,No,No,JR,65,66,6,Brazil ,150.00,100.00,10.00,40,Yes,83
Female,Left,Yes,Yes,Yes,Yes,SR,90,67,4,SC,160.00,70.00,16.00,,Yes,88
Female,Right,No,Yes,No,Yes,JR,83,65,4,CO,0.00,100.00,13.50,65,No,69
Male,Right,No,No,No,Yes,SO,60,67,7,AZ,90.00,100.00,16.50,50,Yes,50
Female,Right,Yes,Yes,No,No,FR,0,67,3,CO,0.00,0.00,17.62,,No,80
Male,Left,Yes,Yes,No,Yes,JR,60,71,7,ME,10.00,0.00,11.00,45,No,20
Female,Left,Yes,Yes,Yes,Yes,SO,40,64,6,ID,61.00,204.00,15.00,68,No,75
Male,Right,No,Yes,No,Yes,JR,82,68,2,KS,,60.00,17.00,50,Yes,65
Male,Left,Yes,Yes,Yes,Yes,SO,60,74,3,MA,0.00,0.00,16.00,50,Yes,67
Male,Right,Yes,No,No,Yes,JR,60,72,3,OH,30.00,0.00,11.00,52,No,81
Male,Right,No,No,No,No,SO,59,75,6,Mexico,90.00,200.00,11.60,54,No,90
Female,Right,Yes,Yes,Yes,Yes,SO,30,68,4,TX,0.00,25.00,12.50,50,No,80
Female,Left,Yes,No,No,Yes,SO,25,60,3,ID,150.00,250.00,10.00,58,No,80
Male,Right,Yes,Yes,No,Yes,FR,7,70,5,ID,150.00,,12.75,51,No,80
Female,Right,Yes,Yes,Yes,No,SO,57,65,5,Dominican Republic,160.00,40.00,10.75,56,Yes,71
Male,Right,No,No,No,No,SR,100,74,4,Brazil Sao Paulo,0.00,50.00,13.00,56,Yes,78
Female,Right,Yes,Yes,No,Yes,SO,39,61,6,PA,60.00,0.00,17.00,49,Yes,66
Female,Right,Yes,Yes,No,No,JR,45,67,1,CA,77.00,50.00,15.00,45,No,80
Male,Right,Yes,Yes,No,Yes,JR,80,74,1,VA,200.00,150.00,10.00,57,Yes,75
Female,Right,Yes,Yes,No,No,SO,35.2,63,3,WA,70.00,0.00,57.96,48,Yes,69
Female,Right,Yes,Yes,Yes,Yes,SO,32,64,5,TX,50.00,22.00,18.00,61,No,85
Female,Right,Yes,Yes,No,Yes,FR,22,63,1,LA,240.00,0.00,22.50,48,No,92
Male,Right,Yes,No,Yes,Yes,SO,40,76,3,ID,0.00,40.00,18.00,54,Yes,82
Female,Right,Yes,No,No,Yes,JR,60,70,4,ID,70.00,40.00,13.00,55,Yes,180
Male,Right,Yes,Yes,Yes,No,SO,30,67,2,ID,35.00,80.00,12.00,50,Yes,80
Male,Right,Yes,Yes,Yes,Yes,SO,30,73,5,KY,17.00,10.00,13.00,21,Yes,82
Male,Right,Yes,No,Yes,Yes,JR,70,70,5,TX,110.00,40.00,17.00,42,No,70
Male,Right,Yes,Yes,No,No,SO,35,76,2,"Canada, Alberta",0.00,50.00,16.50,54,No,60
Male,Right,No,No,No,No,FR,0,68,6,WY,100.00,0.00,15.00,90,No,80
Male,Right,No,No,No,No,JR,74,67,2,NV,40.00,80.00,10.00,57,No,66
Female,Right,Yes,Yes,No,Yes,SO,30,68,6,TX,90.00,30.00,12.50,64,No,66
Male,Right,Yes,Yes,No,Yes,FR,16,70,2,TX,30.00,60.00,18.00,48,Yes,
Female,Right,No,No,No,Yes,SO,19,62,5,FL,12.00,30.00,12.00,35,No,
Male,Left,Yes,Yes,Yes,Yes,SO,45,73,5,WA,166.00,250.00,4.00,58,No,90
Female,Right,Yes,No,No,Yes,SO,44,65,7,CA,250.00,200.00,11.00,54,No,70
Male,Right,No,No,No,No,FR,9,66,1,Congo(Kinshasa),100.00,0.00,10.00,41,Yes,
Female,Right,Yes,Yes,Yes,Yes,SO,40,62,4,CA,57.00,70.00,17.00,45,Yes,93
Male,Right,Yes,Yes,No,Yes,JR,71,66,3,AZ,107.49,239.68,10.00,48,Yes,112
Female,Right,Yes,No,Yes,Yes,FR,28,60,5,Ethiopia ,50.00,70.00,,50,No,80
Female,Right,Yes,Yes,No,Yes,FR,20,62,3,CA,177.00,0.00,20.00,54,No,88
Male,Left,Yes,No,No,No,SR,100,72,5,ID,150.00,120.00,20.00,42,No,75
Female,Right,Yes,Yes,Yes,Yes,SR,82,62,1,AZ,62.00,80.00,22.50,55,No,73
Male,Right,Yes,No,No,No,SO,30,70,4,NE,50.00,0.00,12.00,56,Yes,60
Female,Right,Yes,No,No,Yes,JR,90,69,4,CA,55.00,50.00,15.60,56,Yes,70
Male,Left,Yes,No,Yes,No,FR,19,69,3,ID,80.00,150.00,12.00,58,Yes,57
Male,Right,Yes,Yes,Yes,Yes,SR,80,67,7,ID,0.00,0.00,23.00,40,Yes,82
Male,Right,Yes,Yes,No,Yes,FR,0,72,5,CA,35.00,,15.00,50,Yes,80
Female,Right,No,Yes,No,Yes,FR,23,66,4,VA,75.00,30.00,13.00,52,No,69
Female,Right,Yes,Yes,No,Yes,FR,4,68,6,OK,55.00,0.00,13.00,46,Yes,71
Male,Right,Yes,Yes,No,No,SR,96,72,8,MI,0.00,0.00,16.25,58,No,105
Male,Right,No,Yes,No,No,FR,0,72,2,VA,0.00,0.00,18.00,44,Yes,75
Male,Right,Yes,Yes,No,Yes,JR,68,73,1,TA,,,9.82,58,No,65
Male,Right,Yes,Yes,No,No,JR,75,77,5,ID,260.00,0.00,12.50,52,Yes,50
Male,Right,Yes,No,No,Yes,SR,97,72.5,2,NV,250.00,150.00,17.50,45,No,70
Male,Right,No,No,No,Yes,FR,0,73,4,ID,300.00,0.00,10.00,56,No,76
Male,Right,Yes,Yes,Yes,No,SO,30,76,3,NM,250.00,75.00,15.00,54,Yes,66
Male,Left,Yes,Yes,No,Yes,SR,80,72,7,CA,96.00,40.00,11.50,58,Yes,99
Female,Right,Yes,No,Yes,No,FR,13,68,4,Canada - AB,0.00,15.00,20.00,48,No,64
Female,Right,Yes,Yes,Yes,No,FR,11,68.5,5,ID,30.00,,15.00,64,Yes,84
Male,Left,Yes,No,No,Yes,JR,64,75,2,ID,180.00,100.00,26.00,44,No,61
Male,Left,Yes,Yes,No,Yes,FR,0,73,4,CA,0.00,0.00,15.50,59,No,60
Male,Right,Yes,Yes,Yes,Yes,SO,30,74,3,ID,50.00,0.00,15.00,55,Yes,60
Male,Right,Yes,Yes,No,No,SO,40,73,1,MO,0.00,50.00,14.00,57,No,66
Female,Right,No,No,No,Yes,FR,24,79,6,PA,120.00,,16.00,45,No,60
Male,Right,Yes,Yes,No,No,SO,44,72,2.5,WA,0.00,30.00,10.00,56,Yes,144
Male,Right,Yes,Yes,No,No,JR,67,72,1,LA,,,18.00,60,Yes,80
Male,Right,Yes,Yes,No,No,SO,3,72,2,TX,0.00,60.00,15.00,52,Yes,68
Female,Left,Yes,Yes,No,Yes,FR,0,64.6,5,Singapore,77.00,0.00,9.00,50,No,76
Female,Right,Yes,Yes,No,Yes,SO,23,65,5,UT,,,14.00,37,No,80
Female,Right,Yes,No,Yes,Yes,FR,28,5,5,Ethiopia ,50.00,70.00,0.00,50,No,80
Female,Right,Yes,Yes,No,No,FR,0,64,3,UT,25.00,,11.50,55,No,53
Male,Right,Yes,No,Yes,No,FR,14,73,2,UT,250.00,250.00,,55,No,92
Female,Right,Yes,No,No,No,SO,36,67,5,TX,,,16.00,20,No,88
Male,Right,No,No,Yes,No,JR,90,74,2,ID,100.00,50.00,25.00,64,No,72
Male,Right,Yes,No,Yes,No,SO,50,72,4,MN,100.00,35.00,15.00,,Yes,80
Male,Right,Yes,No,No,Yes,JR,70,71,5,NV,,70.00,12.00,35,No,55
Female,Right,Yes,No,No,Yes,JR,90,65,2,UT,35.00,35.00,12.00,54,No,71
Male,Right,Yes,No,Yes,Yes,FR,15,69,3,MA,,100.00,13.00,52,Yes,50
Female,Left,Yes,No,No,Yes,SO,33,58,6,AZ,,50.00,13.50,45,No,68
Male,Right,Yes,Yes,No,Yes,FR,15,74,3,NV,110.00,50.00,13.25,56,Yes,62
Male,Right,Yes,Yes,Yes,Yes,FR,25,73,4,AZ,,200.00,14.00,55,No,57.5
Female,Right,Yes,Yes,No,No,FR,19,68,4,CO,40.00,120.00,14.50,56,No,80
Female,Right,Yes,No,No,Yes,JR,86,66,3,MT,130.00,60.00,14.00,58,No,83
Male,Right,Yes,No,No,No,SR,115,70,1,ID,0.00,0.00,15.50,53,Yes,78
Male,Right,Yes,No,Yes,Yes,SR,110,70,1,Utah,0.00,120.00,23.00,,Yes,90
Female,Right,Yes,Yes,Yes,Yes,JR,64,63,4,ID,0.00,0.00,12.00,55,No,60
Male,Right,Yes,Yes,No,No,JR,90,71,3,ID,0.00,50.00,10.00,58,No,
Female,Right,Yes,Yes,No,Yes,FR,11,71,5,TX,0.00,16.00,10.00,53,Yes,102
Female,Right,Yes,Yes,No,No,FR,15,64,3,CA,20.00,30.00,16.75,55,Yes,72
Female,Right,Yes,Yes,No,Yes,SO,36,70,5,CA,0.00,0.00,18.00,57,No,88
Male,Right,Yes,No,No,No,FR,14,67,4,Bolivia,150.00,100.00,10.25,50,No,68
Female,Right,Yes,No,Yes,No,SO,60,68,5,Hong Kong,250.00,150.00,11.50,48,No,85
Female,Right,No,No,No,Yes,FR,11,62,5,TX,38.00,65.00,15.00,56,Yes,110
Female,Right,Yes,Yes,No,No,FR,12,65,3,OR,45.00,75.00,9.50,55,Yes,66
Female,Right,Yes,Yes,No,Yes,FR,15,65,2,ID,50.00,30.00,11.65,56,No,84
Female,Right,Yes,No,Yes,No,SO,45,67,4,AZ,100.00,121.00,17.00,50,Yes,100
Male,Right,Yes,Yes,No,Yes,SR,117,75,5,CO,100.00,300.00,15.00,54,Yes,72
Male,Right,Yes,No,No,Yes,SR,102,63,1,Chile,250.00,50.00,15.00,52,No,74
Male,Right,Yes,Yes,No,No,FR,13,71,3,AZ,25.00,35.00,18.00,57,Yes,65
Male,Right,Yes,Yes,No,No,JR,60,70,3,ID,0.00,60.00,14.00,54,Yes,84
Male,Right,Yes,Yes,Yes,Yes,SR,90,72,3,ID,150.00,75.00,65.00,47,No,80
Female,Right,Yes,No,No,Yes,FR,12,62,2,CA,,80.00,18.00,50,No,74
Female,Right,Yes,No,No,No,SO,48,65,6,Italy,150.00,90.00,,60,No,65
Male,Right,Yes,No,No,No,JR,85,71,2,ID,,80.00,15.00,53,No,97
Male,Right,Yes,No,No,Yes,SR,104,69,1,MO,110.00,0.00,11.70,44,Yes,48
Female,Right,Yes,Yes,No,Yes,JR,60,71,5,OR,100.00,200.00,11.00,48,Yes,78
Male,Right,Yes,No,Yes,Yes,SO,14,69,6,MT ,114.00,78.00,15.00,57,Yes,60
Male,Right,Yes,Yes,No,No,SR,90,70,2,ID,30.00,8.00,11.00,57,Yes,70
Male,Right,Yes,Yes,No,No,SO,29,70,4,Haiti,64.00,0.00,8.00,64,Yes,58
Female,Right,Yes,Yes,No,Yes,FR,12,67,3,OR,60.00,35.00,22.75,55,Yes,71
Female,Right,No,No,No,Yes,JR,75,68,2,ID,0.00,250.00,17.50,52,No,66
Male,Right,Yes,Yes,Yes,Yes,FR,13,73,6,ID,100.00,,15.00,55,No,70
Male,Right,Yes,No,No,Yes,JR,70,72,3,ID,100.00,50.00,60.00,55,Yes,70
Female,Right,Yes,Yes,No,Yes,FR,24,63,3,ID,40.00,0.00,11.50,47,Yes,87
Female,Right,Yes,Yes,Yes,Yes,SO,46,61,5,UT,0.00,150.00,12.00,50,Yes,88
Male,Right,Yes,Yes,No,No,FR,,70,5,TX,,,10.00,52,Yes,85
Male,Right,Yes,Yes,No,Yes,JR,81,72,3,TX,50.00,0.00,20.00,58,No,76
Female,Right,Yes,Yes,No,Yes,SO,36,65,3,UT,8.00,35.00,0.00,45,Yes,
Female,Right,No,No,No,No,JR,72,64,3,WA,0.00,0.00,15.00,58,Yes,84
Male,Right,No,Yes,No,No,SR,102,72,3,AZ,100.00,100.00,15.00,65,No,70
Male,Right,Yes,Yes,No,No,SO,40,69,3,CA,120.00,120.00,10.00,53,No,70
Male,Right,Yes,Yes,No,No,SO,50,55,6,OR,100.00,300.00,16.00,67,Yes,60
Male,Right,Yes,Yes,No,Yes,JR,80,75,2,CO,0.00,600.00,12.50,60,No,86
Female,Right,Yes,Yes,No,No,SO,54,68,3,CA,166.00,0.00,15.00,54,No,109
Female,Right,Yes,No,No,No,SO,28,67,1,ID,90.00,180.00,13.00,53,Yes,62
Male,Left,Yes,No,No,Yes,SO,40,70,3,AK,0.00,40.00,10.00,41,No,40
Male,Right,Yes,Yes,No,Yes,SO,45,73,4,ID,0.00,50.00,30.00,28,No,78
Female,Right,Yes,Yes,No,Yes,SR,103,64,2,UT,78.00,100.00,10.00,50,Yes,62
Female,Right,Yes,No,No,Yes,SO,60,65,5,ID,45.00,15.00,12.00,53,No,80
Male,Right,No,No,No,Yes,SO,23,69,3,MO,70.00,78.00,12.00,32,No,80
Female,Right,No,Yes,No,Yes,JR,73,68,8,ID,0.00,800.00,12.00,54,No,98
Female,Right,Yes,Yes,Yes,No,SO,12,60,6,NY,0.00,100.00,15.00,40,No,87
Male,Right,No,No,No,Yes,JR,56,60,5,WA,172.00,50.00,12.00,54,No,85
Female,Right,No,Yes,No,Yes,SO,50,67,7,GA,55.00,50.00,12.00,55,No,84
Female,Right,Yes,No,Yes,No,JR,120,61,4,WA,,,,62,No,
Female,Right,Yes,No,No,Yes,JR,81,61,1,IL,200.00,200.00,10.25,47,No,78
Female,Right,Yes,Yes,Yes,No,JR,61,63,1,ID,70.00,120.00,21.00,56,No,62
Male,Right,No,No,No,Yes,SR,106,72,1,MD,30.00,50.00,9.53,55,Yes,15
Male,Right,Yes,No,Yes,No,FR,0,74,1,CO,105.00,200.00,15.00,57,Yes,150
Male,Right,No,Yes,Yes,No,SO,59,76,3,IA,45.00,135.00,17.92,52,No,72
Male,Right,No,No,No,Yes,FR,20,76,4,VA,40.00,80.00,10.00,50,No,78
Female,Right,Yes,Yes,No,Yes,JR,79,66,7,ID,0.00,50.00,13.00,42,No,59
Female,Left,Yes,Yes,No,Yes,SR,100,67,5,AZ,50.00,150.00,18.25,63,No,65
Male,Right,Yes,No,No,Yes,SO,27,72,3,CA,0.00,35.00,20.00,47,Yes,75
Female,Right,Yes,No,No,Yes,SO,40,65,1,UT,20.00,0.00,15.25,51,Yes,66
Male,Right,Yes,Yes,Yes,No,SO,39,68,5,JA,,,10.35,61,No,63
Female,Right,No,No,No,Yes,JR,80,62,7,OR,70.00,150.00,20.00,25,No,65
Female,Right,Yes,No,No,Yes,FR,0,59,6,AZ,100.00,0.00,16.00,48,No,60
Female,Right,Yes,No,No,Yes,FR,23,59,7,ID,35.00,25.00,14.50,46,Yes,59
Male,Right,No,No,No,Yes,JR,78,66,6,CA,0.00,0.00,17.00,45,No,84
Male,Right,Yes,Yes,Yes,No,FR,12,68,4,ID,0.00,0.00,14.00,54,No,76
Female,Right,No,Yes,No,Yes,SO,53,67,7,WA,70.00,20.00,12.00,57,Yes,65
Male,Right,Yes,No,Yes,Yes,FR,20,77,3,ID,25.00,0.00,12.00,52,No,72
Female,Right,No,Yes,No,Yes,JR,30,72,5,CA,0.00,0.00,,45,No,70
Female,Right,Yes,No,No,Yes,FR,0,64,5,NE,0.00,80.00,16.00,63,No,70
Male,Right,Yes,No,No,Yes,FR,24,70,3,UT,160.00,0.00,0.00,36,Yes,140
Female,Right,Yes,No,No,No,FR,15,60,5,MT,33.00,25.00,13.50,58,No,76
Female,Right,Yes,Yes,No,Yes,SO,50,66,3,UT,0.00,50.00,15.00,55,Yes,95
Female,Right,Yes,Yes,Yes,Yes,FR,14,67,5,ID,0.00,200.00,15.00,,No,102
Female,Right,Yes,Yes,Yes,Yes,SO,24,66,3,ID,115.00,100.00,20.00,52,No,55
Female,Right,No,No,No,Yes,FR,13,64,6,AZ,15.00,15.00,15.00,54,Yes,78
Male,Right,Yes,Yes,No,No,JR,64,72,3,AZ,46.00,47.00,14.40,55,No,66
Female,Right,Yes,Yes,No,Yes,SO,26,62,2,ID,10.00,0.00,11.50,54,No,75
Female,Right,No,No,Yes,Yes,FR,30,62,6,AZ,,50.00,15.00,54,No,71
Female,Left,,No,No,Yes,SO,60,61,6,Haiti,,0.00,11.00,55,No,21
Male,Right,Yes,No,No,No,SO,40,69,3,CO,0.00,75.00,12.00,57,Yes,83
Male,Right,Yes,Yes,No,Yes,FR,20,70,4,MO,40.00,40.00,20.00,58,Yes,93
Male,Right,Yes,Yes,No,No,FR,21,69,4,AZ,200.00,100.00,10.50,55,Yes,92
Female,Right,Yes,No,Yes,No,JR,85,61,3,ID,150.00,75.00,25.00,45,No,55
Female,Right,Yes,No,No,Yes,JR,67,71,6,ID,45.00,50.00,16.00,54,Yes,68
Female,Right,Yes,No,Yes,Yes,JR,78,62,5,ID,0.00,0.00,9.00,46,Yes,92
Male,Left,Yes,No,Yes,Yes,SO,41,75,4,CA,20.00,15.00,16.40,53,No,87
Male,Left,No,No,No,No,SR,95,72,5,TN,300.00,200.00,16.00,48,Yes,82
Male,Right,No,Yes,No,No,FR,12,72,,AL,32.00,80.00,21.00,56,Yes,83
Male,Right,Yes,No,Yes,No,SR,88,70,3,WA,50.00,120.00,12.00,49,Yes,72
Female,Right,Yes,No,No,Yes,SO,63,62,7,IN,,60.00,11.00,40,No,79
Female,Right,Yes,Yes,No,Yes,SO,26,62,4,ID,125.00,80.00,13.00,56,No,67
Female,Right,Yes,Yes,No,No,SO,75,64,7,CA,32.00,15.00,16.00,48,No,88
Female,Right,Yes,Yes,No,Yes,FR,24,67,5,Chile,70.00,50.00,,60,Yes,
Female,Right,No,No,No,Yes,JR,80,62,7,OR,70.00,125.00,20.00,35,No,70
Female,Right,No,No,No,Yes,SO,21,71,3,AR,20.00,20.00,10.00,50,No,79
Female,Right,Yes,No,No,Yes,SO,30,69,4,NM,63.00,23.00,15.00,60,No,60
Female,Right,No,No,No,Yes,FR,13,68,6,ID,50.00,100.00,10.00,40,Yes,85
Male,Right,No,No,No,Yes,SO,19,70,7,WA,16.00,0.00,3.25,35,Yes,78
Female,Right,Yes,No,No,Yes,FR,35,67,4,CT,76.00,190.00,20.00,49,Yes,68
Male,Right,Yes,Yes,No,Yes,JR,80,69,1,CA,150.00,,0.00,50,Yes,65
Male,Right,Yes,No,No,No,SO,45,69,2,FL,0.00,0.00,17.00,40,Yes,78
Male,Right,Yes,Yes,No,Yes,JR,85,72,4,AZ,50.00,50.00,15.75,43,Yes,80
Female,Right,No,Yes,No,Yes,FR,35,68,5,AZ,45.00,20.00,14.50,42,Yes,108
Male,Right,Yes,No,No,Yes,FR,0,70,4,TN,65.00,0.00,14.00,46,Yes,85
Female,Right,Yes,Yes,Yes,Yes,JR,76,67,4,MO,20.00,40.00,11.00,56,No,88
Female,Right,Yes,Yes,No,Yes,SO,,60,4,AZ,500.00,500.00,,35,No,96
Male,Right,No,Yes,No,No,SO,30,68,7,OR,0.00,0.00,16.00,100,No,66
Female,Right,Yes,Yes,No,No,SO,48,65,5,ID,80.00,50.00,12.00,55,No,80
Female,Right,Yes,Yes,Yes,Yes,FR,0,66,3.5,CO,62.00,0.00,22.00,57,No,38
Female,Right,Yes,Yes,No,Yes,SO,36,65,5,NV,0.00,12.00,13.00,52,No,70
Female,Right,No,No,No,Yes,FR,25,64,6,WA,105.00,120.00,15.00,40,Yes,90
Male,Right,No,Yes,No,Yes,FR,22,72,4,HI,0.00,160.00,12.00,57,Yes,80
Female,Right,Yes,Yes,No,Yes,FR,65,66,4,AZ,9.00,24.00,14.00,40,No,80
Male,Right,No,Yes,No,Yes,FR,10,75,2,ID,0.00,35.00,17.50,50,No,100
Male,Right,No,Yes,No,No,FR,17,68,2,AZ,75.00,200.00,4.00,42,Yes,68
Male,Right,Yes,Yes,No,No,SO,44,71,2,Mexico,80.00,50.00,20.00,50,No,74
Male,Right,Yes,No,No,Yes,SO,100,69,1,WA,80.00,200.00,22.50,41,No,65
Female,Right,Yes,No,Yes,Yes,SO,49,63,3,ID,20.00,100.00,11.00,65,No,69
Female,Right,Yes,Yes,No,Yes,SO,49,67,5,ID,15.00,75.00,14.00,54,Yes,82
Male,Right,Yes,Yes,No,Yes,FR,2,72,5,UT,22.76,,23.00,53,Yes,93
Male,Right,Yes,No,No,Yes,JR,65,67,5,UT,120.00,140.00,26.00,45,Yes,50
Female,Left,Yes,Yes,No,No,JR,65,63,7,AZ,100.00,100.00,15.50,53,Yes,68
Female,Right,No,No,No,No,JR,80,64,6,MO,20.00,0.00,14.50,50,Yes,63
Male,Right,Yes,Yes,Yes,No,FR,27,67,4,ID,150.00,20.00,22.00,56,Yes,77
Male,Right,Yes,Yes,No,Yes,JR,63,65,1,WA,70.00,60.00,12.50,45,Yes,60
Male,Right,Yes,Yes,No,No,SR,90,71,1,UT,50.00,0.00,16.50,40,Yes,69
Male,Right,Yes,Yes,No,Yes,SO,52,70,3,ID,15.00,75.00,16.00,34,Yes,70
Female,Right,No,No,No,Yes,JR,70,65,7,OR ,150.00,150.00,12.00,45,No,70
Female,Left,No,No,No,Yes,FR,48,67,5,ID,175.00,30.00,7.25,57,Yes,67
Female,Right,Yes,No,No,No,FR,0,70,5,AZ,0.00,0.00,15.00,40,Yes,72
Male,Right,No,No,No,Yes,SO,57,68,3,ID,300.00,250.00,16.47,47,No,81
Male,Right,Yes,No,No,Yes,JR,67,69.5,6,CA,181.50,100.00,12.00,50,No,79
Female,Right,Yes,Yes,No,No,FR,40,62,4,TX,27.00,0.00,10.50,43,No,66
Male,Right,Yes,Yes,Yes,Yes,SO,30,75,3,ID,60.00,60.00,15.00,45,No,60
Female,Right,Yes,Yes,No,Yes,SO,64,67,2,ID,100.00,250.00,15.46,56,Yes,84
Male,Right,Yes,No,No,No,JR,75,72,5,OR,150.00,100.00,20.00,48,No,70
Male,Right,Yes,Yes,No,Yes,SO,80,73,3,CA,58.00,0.00,15.55,38,Yes,80
Male,Right,Yes,No,No,Yes,JR,87,71,4,AZ,100.00,200.00,16.00,49,No,68
Male,Right,No,No,No,Yes,JR,90,72,5,OR,0.00,200.00,13.50,59,Yes,80
Male,Right,Yes,Yes,No,No,FR,12,72,3,OR,0.00,40.00,15.00,46,No,65
Female,Right,Yes,Yes,Yes,No,FR,21,65,6,PA,150.00,20.00,0.00,45,No,76
Male,Right,No,No,No,Yes,SR,,70,2,Ghana,,,11.50,55,Yes,75
Male,Right,Yes,Yes,No,No,FR,14,65,2,WA,200.00,0.00,16.50,42,Yes,66
Male,Right,No,No,No,Yes,SR,80,63,7,Philippines,60.00,60.00,11.50,50,Yes,90
Male,Left,Yes,Yes,No,Yes,FR,27,70,3,TX,50.00,75.00,14.00,43,No,51
Female,Right,Yes,Yes,Yes,Yes,SR,99,63,3,WI,25.00,45.00,12.00,54,No,69
Male,Right,Yes,No,Yes,Yes,SO,36,72,5,MT,0.00,60.00,10.50,47,Yes,68
Male,Left,Yes,Yes,No,Yes,SO,30,71,5,WI,250.00,300.00,13.25,47,No,63
Male,Left,Yes,No,No,Yes,FR,0,72,3,AR,157.00,,14.00,35,No,80
Female,Right,Yes,No,No,Yes,SO,35,66,3,TX,0.00,200.00,7.25,54,No,82
Female,Right,Yes,No,No,Yes,FR,28,62,5,KS,80.00,0.00,0.00,50,Yes,60
Male,Right,Yes,No,No,No,FR,24,65,6,ID,270.00,120.00,16.00,55,Yes,80
Male,Right,No,No,No,No,FR,,69,5,TX,50.00,60.00,13.00,24,Yes,80
Male,Right,No,No,No,Yes,SO,57,68,2,ID,300.00,250.00,16.46,55,Yes,81
Male,Right,Yes,Yes,No,No,SO,32,60,1,TX,0.00,0.00,10.25,54,Yes,65
Female,Right,Yes,Yes,Yes,Yes,JR,57,68,7,CA,63.00,24.00,25.00,53,No,83
Female,Right,Yes,Yes,No,No,SO,26,65,4,MT,50.00,60.00,12.00,58,No,68
Female,Right,No,No,No,Yes,SO,25,64,6,TX,,13.00,10.00,56,No,77
Female,Right,Yes,Yes,No,Yes,SO,30,62,6,UT,70.00,535.00,16.00,46,No,82
Female,Right,No,Yes,No,Yes,SR,91,61,5,TX,120.00,0.00,10.00,51,Yes,
Male,Right,Yes,No,Yes,No,FR,9,74,4,ID,0.00,0.00,20.00,54,No,
Male,Right,Yes,No,No,No,SO,31,71,2,TX,400.00,360.00,18.00,57,Yes,73
Male,Right,Yes,No,No,No,SO,70,75,3,TX,100.00,70.00,16.00,55,No,90
Female,Right,No,Yes,Yes,No,SR,120,61,1,"Lusaka, Zambia",,150.00,11.25,57,No,10
Male,Right,Yes,Yes,No,Yes,SO,30,75,2,AZ,175.00,100.00,11.00,56,No,66
Male,Right,Yes,No,No,Yes,FR,25,71,3,OR,23.00,60.00,15.48,46,Yes,45
Male,Right,No,No,No,Yes,JR,83,68,2,CA,200.00,100.00,12.50,65,Yes,65
Female,Right,No,No,No,Yes,FR,12,5,7,CA,20.00,13.00,0.00,60,No,70
Male,Right,Yes,Yes,Yes,Yes,FR,37,68,3,NY,20.00,45.00,15.00,51,Yes,71
Female,Right,Yes,Yes,Yes,Yes,SR,84,68,5,CA,30.00,70.00,15.00,55,Yes,75
Female,Right,Yes,Yes,No,Yes,FR,15,67,5,WA,0.00,81.00,16.75,46,No,70
Male,Right,Yes,Yes,No,Yes,FR,10,72,3,ID,,,,,No,
Male,Left,Yes,No,No,No,JR,70,77,3,United States,200.00,400.00,25.00,52,No,55
Female,Left,Yes,Yes,No,Yes,SO,55,63,6,Nigeria,100.00,150.00,11.00,60,No,20
Female,Right,Yes,Yes,No,Yes,SO,,61,5 to 7,ID,0.00,50.00,16.50,35,No,72
Male,Right,Yes,Yes,Yes,No,SR,110,72,1,IA,100.00,200.00,23.00,46,Yes,80
Male,Left,Yes,Yes,No,No,FR,0,67,3,UT,35.00,,14.00,12,No,58
Female,Right,Yes,Yes,No,No,SR,102,64,1,Russia,0.00,0.00,15.00,45,No,60
Male,Right,Yes,Yes,No,Yes,SO,40,69,6,ID,137.00,115.00,16.00,56,No,72
Male,Left,Yes,Yes,No,Yes,SO,30,71,5,WI,250.00,300.00,13.25,47,No,63
Male,Right,Yes,No,No,Yes,FR,16,69,5,ID,150.00,0.00,11.25,47,Yes,65
Male,Right,Yes,No,Yes,Yes,JR,63,70.5,5,AZ,200.00,150.00,14.00,25,Yes,88
Male,Right,No,No,No,No,SO,40,67,7,ID,50.00,0.00,14.00,54,Yes,78
Male,Right,Yes,Yes,No,Yes,JR,68,72,5,CA,0.00,0.00,35.00,63,Yes,90
Male,Right,Yes,Yes,No,Yes,SR,95,75,7,AZ,100.00,100.00,11.40,55,No,90
Male,Right,Yes,No,No,No,SO,40,76,1,ID,200.00,,25.00,56,No,59
Male,Right,Yes,No,No,Yes,FR,24,73,2,NV,75.00,0.00,11.75,55,Yes,72
Female,Right,Yes,No,No,Yes,JR,32.5,59,7,Mexico ,60.00,60.00,16.00,38,No,88
Male,Right,No,No,No,Yes,JR,62,74,2,FL,40.00,110.00,20.00,54,No,77
Male,Left,Yes,Yes,Yes,Yes,JR,60,79,1,NE,10.00,60.00,15.00,50,Yes,80
Female,Right,Yes,No,Yes,No,SO,39,64,5,TX,25.00,13.00,15.50,50,Yes,84
Male,Right,No,No,No,Yes,JR,70,71,3,NY,,50.00,17.50,56,Yes,74
Male,Right,Yes,Yes,No,Yes,SO,50,69,4,ID,210.00,80.00,18.00,56,Yes,78
Male,Right,Yes,Yes,No,Yes,SO,40,72,2,AZ,35.00,45.00,16.00,53,Yes,65
Male,Right,Yes,No,Yes,Yes,SO,32,74,5,UT,150.00,100.00,10.00,57,Yes,70
Male,Right,Yes,No,Yes,No,SO,30,68,3,NC,45.00,100.00,15.00,45,No,50
Male,Right,Yes,No,No,Yes,JR,81,72,7,IA,0.00,45.00,15.00,47,Yes,98
Male,Right,Yes,Yes,No,No,FR,15,75,5,NV,18.00,0.00,20.00,50,Yes,68
Female,Right,Yes,Yes,No,Yes,FR,24,64,4,CA,22.00,90.00,19.00,66,Yes,85
Female,Right,No,Yes,No,Yes,FR,0,67,4,UT,220.00,0.00,13.00,53,No,80
Male,Right,Yes,No,No,Yes,FR,6,66,2,NM,,,20.00,55,No,72
Female,Right,No,No,No,No,SO,30,70,7,Canada,240.00,0.00,12.00,55,No,73
Female,Right,Yes,Yes,No,Yes,JR,72,62,1,TX,200.00,35.00,16.00,52,No,88
Female,Left,Yes,No,No,Yes,SO,65,64,7,SD,85.00,25.00,11.25,57,No,66
Male,Right,Yes,No,No,Yes,JR,62,71,1,NC,190.00,40.00,25.00,54,Yes,70
Male,Right,No,No,Yes,No,JR,66,72,4,ID,70.00,0.00,33.00,50,No,83
Male,Right,Yes,No,Yes,Yes,SO,23,77,3,AR,170.00,0.00,11.00,53,No,73
Female,Left,Yes,Yes,No,Yes,JR,35,70,4,ID,48.00,35.00,15.00,53,No,80
Male,Right,Yes,Yes,No,Yes,JR,50,74,5,TX,200.00,300.00,24.00,49,No,72
Male,Left,Yes,No,Yes,Yes,SO,59,74,5,NE,150.00,200.00,20.00,56,No,68
Female,Right,Yes,Yes,No,Yes,FR,24,64,5,WA,30.00,0.00,20.00,53,Yes,100
Male,Right,Yes,Yes,No,Yes,SO,60,6.2,1,AZ,220.00,120.00,26.00,56,Yes,72
Male,Left,No,No,No,No,JR,70,71,2,ID,44.00,100.00,13.00,54,Yes,50
Female,Right,Yes,Yes,No,Yes,JR,6,66,7,ID,12.00,,40.00,28,No,76
Male,Right,Yes,Yes,No,Yes,SO,17,59,2,ID,100.00,80.00,18.00,58,No,58
Male,Right,Yes,No,No,Yes,JR,35,69,3,CA,0.00,0.00,20.00,48,No,87
Female,Right,Yes,No,No,No,FR,9,70,6,AZ,15.00,15.00,0.00,65,Yes,73
Male,Right,Yes,Yes,No,Yes,FR,0,72,5,AZ,0.00,0.00,16.00,42,No,120
Female,Right,Yes,Yes,No,Yes,JR,60,66,7,ID,37.00,0.00,15.00,50,Yes,53
Male,Right,Yes,No,No,Yes,FR,6,70,3,TX,99.00,0.00,9.25,62,No,57
Female,Right,Yes,No,No,Yes,FR,12,68,4,AZ,120.00,150.00,16.50,55,No,80
Female,Right,Yes,No,Yes,No,FR,0,68,1,CA,10.00,0.00,20.00,50,Yes,92
Male,Right,Yes,No,No,No,SO,28,63,5,TX,70.00,120.00,18.00,53,Yes,144
Male,Right,No,No,No,Yes,FR,0,72,3,Az,0.00,0.00,17.00,57,Yes,59
Male,Right,Yes,Yes,No,No,SO,50,75,1,CO,110.00,145.00,75.00,57,Yes,57
Female,Right,Yes,No,No,Yes,JR,5,63,5,CA,200.00,,12.00,48,Yes,
Male,Right,Yes,Yes,No,Yes,SO,48,75,2,CA,80.00,120.00,16.50,60,No,74
Male,Right,Yes,Yes,No,Yes,SR,50,72,5,CT,0.00,60.00,35.00,46,Yes,108
Female,Right,No,No,No,No,JR,73,68,6,AZ,60.00,90.00,13.00,60,Yes,70
Male,Left,Yes,No,No,Yes,FR,0,71,4,ID,91.00,0.00,12.00,56,No,100
Male,Left,Yes,Yes,Yes,No,JR,70,77,2,ID,0.00,170.00,20.00,58,Yes,72
Female,Right,Yes,Yes,No,Yes,SR,90,62,5,MO,50.00,70.00,13.41,53,No,80
Male,Right,Yes,Yes,No,No,JR,75,74,7,MI,400.00,0.00,30.00,53,No,65
Male,Right,Yes,No,No,Yes,FR,12,69,3,ID,100.00,100.00,19.95,59,No,60
Male,Right,Yes,Yes,No,Yes,JR,36,67,3,AZ,0.00,0.00,36.00,62,No,54
Female,Right,Yes,Yes,Yes,Yes,SO,29,62,6,ID,250.00,150.00,12.00,62,,80
Female,Right,Yes,No,No,Yes,SO,40,66,5,ID,360.00,180.00,16.00,57,Yes,87
Female,Right,No,No,No,Yes,SO,39,61,3,CA,40.00,36.00,10.00,40,No,80
Female,Right,Yes,No,No,Yes,SR,80,70,5,ID,100.00,50.00,3.25,54,No,68
Female,Right,Yes,,No,Yes,JR,85,64,5,WA,50.00,100.00,17.50,56,No,62
Male,Right,Yes,No,No,Yes,JR,78,70,4,MX,120.00,60.00,16.31,55,No,80
Female,Right,Yes,Yes,No,Yes,FR,0,64,5,WA,200.00,160.00,18.00,56,Yes,90
Male,Right,No,No,No,Yes,SR,130,70,1,Ivory Coast,19.00,1.00,13.00,57,Yes,150
Male,Right,Yes,Yes,No,Yes,SO,31,72,1,CA,57.00,0.00,25.00,50,Yes,45
Male,Right,No,No,Yes,No,SO,48,71,2,OR,125.00,75.00,12.10,58,Yes,95
Male,Right,Yes,No,Yes,No,JR,16,71,3,MO,320.00,0.00,14.28,42,Yes,87
Male,Right,Yes,Yes,No,Yes,JR,60,73,9,ID,100.00,100.00,25.00,,Yes,55
Male,Right,Yes,No,No,No,JR,70,70,1,IA,125.00,0.00,22.50,47,No,65
Male,Left,Yes,Yes,No,Yes,JR,45,77,2,MS,0.00,0.00,15.00,46,No,64
Male,Right,Yes,No,No,No,JR,80,68,5,ID,0.00,0.00,14.00,48,Yes,70
Female,Left,Yes,Yes,No,No,JR,83,68,5,ID,0.00,50.00,20.00,60,No,59
Male,Right,Yes,Yes,No,Yes,SO,24,70,7,ID,160.00,80.00,16.00,57,Yes,69
Male,Right,Yes,Yes,Yes,Yes,JR,60,72,7,GA,250.00,200.00,22.00,45,No,60
Female,Right,No,No,No,Yes,SO,35,59,5,CO,100.00,100.00,0.00,55,No,74
Male,Right,Yes,No,No,Yes,SO,34,75,2,OR,50.00,0.00,17.00,60,No,63
Male,Left,Yes,No,No,No,SO,25,72,5,TN,75.00,0.00,12.00,56,Yes,80
Female,Right,Yes,No,No,No,SO,26,68,4,AZ,40.00,70.00,14.00,45,No,55
Female,Right,Yes,No,No,Yes,FR,0,66.5,6,IA,40.00,0.00,16.00,47,Yes,100
Female,Right,Yes,Yes,Yes,No,JR,70,68,4,CO,400.00,300.00,17.50,,Yes,
Female,Right,Yes,No,No,Yes,SO,24,64,4,WA,20.00,35.00,18.00,45,Yes,110
Female,Right,Yes,No,No,Yes,SO,28,66,4,UT,85.00,100.00,16.00,55,Yes,77
Male,Right,Yes,No,No,Yes,SO,45,70,6,ID,,,15.00,48,Yes,84
Male,Left,Yes,No,No,No,JR,80,67,6,Peru ,80.00,0.00,12.00,52,Yes,78
Female,Right,Yes,No,No,Yes,SR,130,54,2,UT,0.00,0.00,19.00,43,Yes,85
Male,Right,Yes,Yes,No,Yes,FR,12,73,3,ID,35.00,105.00,11.25,52,Yes,70
Female,Left,Yes,No,No,No,SO,34,75,7,"Santiago, Chile",80.00,30.00,10.00,64,Yes,110
Female,Right,Yes,No,Yes,Yes,FR,28,65,3,CA,15.00,50.00,15.00,59,No,126
Male,Right,Yes,Yes,No,Yes,FR,0,74,3,UK,5.00,0.00,11.50,53,No,93
Male,Right,No,No,Yes,Yes,JR,80,72,3,CO,0.00,0.00,10.00,55,No,70
Female,Right,No,No,No,Yes,JR,70,63,4,Mexico,50.00,84.00,12.00,57,No,82
Female,Right,Yes,Yes,No,No,FR,4,64,4,IL,67.00,,14.00,48,Yes,102
Male,Right,Yes,Yes,No,Yes,SR,121,77,2,OR,0.00,24.00,17.00,58,Yes,
Female,Right,Yes,Yes,No,Yes,SO,47,63,5,CO,80.00,15.00,11.75,50,No,43
Male,Right,Yes,No,No,No,JR,60,71,2,UT,50.00,100.00,25.00,55,Yes,51
Female,Right,Yes,No,No,Yes,FR,20,68,6,WA,160.00,,16.28,56,Yes,112
Male,Right,Yes,Yes,No,Yes,FR,25,67.4,5,china,100.00,50.00,0.00,40,No,70
Female,Right,Yes,Yes,No,Yes,FR,6,65,4,ID,,,11.00,53,Yes,75
Female,Right,Yes,Yes,No,Yes,SO,30,66,3,ID,50.00,50.00,10.00,60,No,80
Male,Right,No,No,No,No,SR,54,72,7,Zimbabwe ,250.00,200.00,12.00,57,Yes,97
Male,Right,Yes,No,No,Yes,FR,0,72,2.5,CA,30.00,0.00,15.00,,Yes,102
Female,Right,Yes,Yes,No,Yes,FR,20,65,5,AZ,25.00,,22.00,51,Yes,65
Male,Right,Yes,No,No,Yes,SO,24,68,4,MA,0.00,35.00,15.00,57,Yes,85
Female,Right,Yes,Yes,No,Yes,SR,60,64,5,GA,110.00,0.00,12.00,50,Yes,90
Male,Right,No,No,No,Yes,SO,33,67,5,NV,100.00,90.00,15.00,54,Yes,70
Male,Right,Yes,Yes,No,No,FR,,70,3,NV,20.00,,13.00,57,Yes,
Male,Right,Yes,Yes,Yes,Yes,JR,48,69,3,ID,120.00,250.00,42.00,45,Yes,68
